               epoch,      train/box_loss,      train/obj_loss,      train/cls_loss,   metrics/precision,      metrics/recall,     metrics/mAP_0.5,metrics/mAP_0.5:0.95,        val/box_loss,        val/obj_loss,        val/cls_loss,               x/lr0,               x/lr1,               x/lr2
                   0,             0.10859,            0.023953,            0.053101,           0.0020008,             0.42464,           0.0018078,          0.00040939,            0.071286,            0.018622,            0.036326,           0.0033003,           0.0033003,            0.070297
                   1,            0.075077,            0.027882,            0.051058,             0.18007,             0.29354,            0.021124,           0.0047187,            0.045399,            0.069053,            0.034772,           0.0066118,           0.0066118,            0.040275
                   2,            0.062642,            0.025909,            0.048882,            0.035863,             0.12416,            0.023051,           0.0047545,            0.063705,            0.014549,            0.034294,           0.0099012,           0.0099012,            0.010231
                   3,             0.05642,            0.023412,            0.044104,             0.13113,             0.49673,             0.15492,            0.053393,            0.042993,            0.038445,             0.02971,            0.009901,            0.009901,            0.009901
                   4,            0.050746,            0.021291,            0.038604,             0.34727,             0.68878,             0.51702,             0.24045,            0.024894,            0.013629,            0.020787,            0.009901,            0.009901,            0.009901
                   5,            0.046201,             0.01901,            0.035829,             0.49958,             0.64882,              0.5451,             0.28343,            0.024746,            0.015394,            0.026179,            0.009868,            0.009868,            0.009868
                   6,            0.042385,            0.018096,            0.033868,             0.42957,             0.79456,             0.64328,             0.28402,            0.027173,            0.012309,            0.021347,            0.009835,            0.009835,            0.009835
                   7,            0.041324,            0.017405,            0.031113,             0.68526,             0.84106,             0.85766,             0.51436,            0.020387,            0.009696,            0.014045,            0.009802,            0.009802,            0.009802
                   8,            0.040043,            0.016871,            0.027398,             0.74954,             0.82339,             0.89645,             0.48484,            0.021185,            0.010049,             0.01229,            0.009769,            0.009769,            0.009769
                   9,            0.039301,            0.016487,            0.024327,             0.62239,             0.58166,              0.7443,             0.43852,             0.02288,            0.013512,             0.01761,            0.009736,            0.009736,            0.009736
                  10,             0.03814,            0.016202,            0.021005,              0.8696,              0.8453,             0.93479,             0.50251,            0.022626,           0.0094249,           0.0096716,            0.009703,            0.009703,            0.009703
                  11,            0.038008,            0.015874,            0.017768,             0.97582,             0.97686,             0.99008,              0.6104,            0.019022,           0.0082194,           0.0027282,             0.00967,             0.00967,             0.00967
                  12,            0.036246,            0.014996,            0.016213,              0.7019,             0.72222,             0.72385,             0.36086,            0.022471,           0.0099414,            0.024566,            0.009637,            0.009637,            0.009637
                  13,            0.035805,            0.014854,            0.014692,             0.96548,             0.93736,             0.99122,             0.46415,            0.023935,           0.0081222,           0.0038847,            0.009604,            0.009604,            0.009604
                  14,            0.035253,            0.014253,             0.01335,              0.8356,             0.84474,             0.94894,             0.56511,            0.022089,           0.0089105,            0.009273,            0.009571,            0.009571,            0.009571
                  15,            0.034868,              0.0142,            0.012802,             0.98105,             0.98646,              0.9928,             0.61906,            0.019636,           0.0082588,           0.0023809,            0.009538,            0.009538,            0.009538
                  16,            0.034137,            0.014178,            0.011255,             0.98111,             0.98986,             0.99249,             0.66257,            0.017981,           0.0085952,           0.0014593,            0.009505,            0.009505,            0.009505
                  17,            0.033527,             0.01397,            0.011399,             0.92601,             0.90711,             0.97586,             0.54462,            0.022076,           0.0092305,           0.0028848,            0.009472,            0.009472,            0.009472
                  18,            0.032389,            0.013613,            0.010594,             0.99207,             0.99468,             0.99301,             0.68148,            0.017765,            0.007729,           0.0010725,            0.009439,            0.009439,            0.009439
                  19,            0.032881,            0.013744,            0.010606,              0.9871,             0.99554,             0.99339,             0.61929,            0.019199,           0.0078561,           0.0010758,            0.009406,            0.009406,            0.009406
                  20,            0.032571,             0.01341,           0.0095396,             0.99043,             0.98902,             0.99351,             0.70033,            0.016171,           0.0071489,           0.0013162,            0.009373,            0.009373,            0.009373
                  21,             0.03217,            0.013125,            0.010174,             0.98564,             0.99027,             0.99286,             0.69297,             0.01681,           0.0073284,           0.0011225,             0.00934,             0.00934,             0.00934
                  22,             0.03096,            0.013292,           0.0092095,               0.982,             0.98023,             0.99263,             0.71293,            0.015533,           0.0072236,           0.0013872,            0.009307,            0.009307,            0.009307
                  23,             0.03061,            0.012679,             0.00887,             0.96837,             0.96772,             0.98769,             0.67475,            0.017599,           0.0080083,           0.0021009,            0.009274,            0.009274,            0.009274
                  24,            0.030667,            0.012976,           0.0085949,              0.9695,             0.98668,             0.98724,             0.67798,            0.016117,           0.0078727,           0.0015523,            0.009241,            0.009241,            0.009241
                  25,            0.030457,            0.012798,           0.0091537,             0.98232,             0.97736,             0.99217,             0.64431,            0.017033,           0.0084001,           0.0011377,            0.009208,            0.009208,            0.009208
                  26,             0.03045,            0.012963,           0.0078955,             0.96347,             0.95935,             0.99298,             0.68882,            0.016453,           0.0069398,           0.0031504,            0.009175,            0.009175,            0.009175
                  27,             0.03064,            0.012605,           0.0088841,             0.98753,             0.99934,             0.99389,             0.70915,            0.015456,           0.0071054,           0.0010704,            0.009142,            0.009142,            0.009142
                  28,            0.030004,            0.012821,           0.0083069,             0.99408,             0.99933,             0.99388,             0.73219,            0.014185,           0.0066141,          0.00058074,            0.009109,            0.009109,            0.009109
                  29,             0.02963,            0.012437,            0.007511,             0.97933,             0.97726,             0.99354,             0.71731,             0.01521,           0.0070257,           0.0014541,            0.009076,            0.009076,            0.009076
                  30,            0.029532,            0.012475,           0.0072837,             0.98964,             0.99928,             0.99424,             0.70422,             0.01514,           0.0065353,          0.00062712,            0.009043,            0.009043,            0.009043
                  31,            0.028636,            0.012413,           0.0072287,             0.99222,                   1,             0.99355,             0.73153,            0.014333,            0.006777,          0.00060629,             0.00901,             0.00901,             0.00901
                  32,            0.028103,            0.012096,           0.0067965,             0.99003,             0.98578,             0.99254,             0.70236,            0.015886,           0.0075149,           0.0013733,            0.008977,            0.008977,            0.008977
                  33,            0.027911,            0.012002,           0.0061897,             0.99237,             0.99088,             0.99369,             0.72196,            0.014235,           0.0071783,           0.0010318,            0.008944,            0.008944,            0.008944
                  34,            0.028867,            0.012092,            0.007571,             0.97851,             0.96704,             0.99013,             0.71845,            0.015159,           0.0067529,           0.0019646,            0.008911,            0.008911,            0.008911
                  35,            0.028163,            0.011964,           0.0059934,             0.98922,             0.99547,             0.99366,             0.73375,            0.014487,           0.0064387,           0.0013722,            0.008878,            0.008878,            0.008878
                  36,            0.027997,             0.01189,           0.0069536,             0.97885,             0.98972,             0.99353,             0.73561,            0.014308,           0.0063834,            0.002147,            0.008845,            0.008845,            0.008845
                  37,            0.028497,            0.011911,           0.0067553,             0.99011,             0.99765,             0.99286,             0.75117,            0.012994,           0.0063633,          0.00073886,            0.008812,            0.008812,            0.008812
                  38,            0.027482,            0.011936,           0.0063378,             0.99197,             0.99709,             0.99358,             0.72905,            0.014084,             0.00673,          0.00064667,            0.008779,            0.008779,            0.008779
                  39,            0.027246,            0.011883,           0.0057622,             0.99496,             0.99952,             0.99428,              0.7584,            0.013358,           0.0062446,          0.00036678,            0.008746,            0.008746,            0.008746
                  40,            0.026614,            0.011452,           0.0058839,             0.98604,             0.99686,             0.99352,             0.73277,            0.014614,            0.006526,          0.00059747,            0.008713,            0.008713,            0.008713
                  41,            0.026944,            0.011743,            0.005592,             0.99122,             0.99974,             0.99396,             0.73927,             0.01355,           0.0061282,          0.00048356,             0.00868,             0.00868,             0.00868
                  42,            0.026985,             0.01148,           0.0048465,              0.9884,             0.99506,             0.99393,             0.75751,            0.012899,           0.0061464,          0.00083708,            0.008647,            0.008647,            0.008647
                  43,            0.027724,             0.01179,           0.0057835,             0.99275,             0.99806,             0.99432,             0.75681,            0.012968,           0.0064413,           0.0006204,            0.008614,            0.008614,            0.008614
                  44,            0.027021,            0.011598,           0.0059967,             0.99068,             0.99821,             0.99406,             0.73359,            0.013836,           0.0061851,          0.00058836,            0.008581,            0.008581,            0.008581
                  45,            0.026673,            0.011374,           0.0051268,             0.99225,             0.99792,             0.99441,             0.74985,            0.013694,           0.0060027,          0.00055767,            0.008548,            0.008548,            0.008548
                  46,            0.026628,            0.011512,           0.0059182,             0.98313,              0.9795,             0.99373,             0.74034,            0.014279,           0.0067161,           0.0019937,            0.008515,            0.008515,            0.008515
                  47,            0.025926,            0.011426,           0.0049846,             0.99512,              0.9994,             0.99431,             0.75304,            0.012789,           0.0061353,          0.00037753,            0.008482,            0.008482,            0.008482
                  48,            0.026192,            0.011562,           0.0051169,             0.99487,              0.9997,             0.99419,             0.76591,            0.012557,           0.0058923,          0.00042585,            0.008449,            0.008449,            0.008449
                  49,            0.025854,            0.011488,           0.0045809,             0.99349,             0.99904,             0.99427,             0.76831,            0.012186,           0.0057928,          0.00052239,            0.008416,            0.008416,            0.008416
                  50,            0.025838,            0.011455,           0.0049461,             0.98599,             0.99152,             0.99372,             0.75169,            0.013849,           0.0062257,          0.00098173,            0.008383,            0.008383,            0.008383
                  51,            0.025457,            0.011336,           0.0045289,             0.99137,             0.99901,             0.99401,             0.75694,            0.012827,           0.0058291,          0.00053467,             0.00835,             0.00835,             0.00835
                  52,            0.025614,            0.011451,           0.0047523,             0.98809,             0.99612,             0.99439,             0.76152,            0.012885,           0.0060861,          0.00095574,            0.008317,            0.008317,            0.008317
                  53,            0.025731,            0.011357,           0.0050656,             0.99486,             0.99928,             0.99345,             0.75846,             0.01242,           0.0057728,          0.00038988,            0.008284,            0.008284,            0.008284
                  54,            0.025043,            0.010927,           0.0040004,             0.99419,             0.99946,               0.994,             0.75183,             0.01285,           0.0058994,          0.00039067,            0.008251,            0.008251,            0.008251
                  55,            0.025627,            0.010914,           0.0040123,             0.99479,             0.99971,             0.99413,             0.74434,             0.01293,           0.0059197,          0.00033129,            0.008218,            0.008218,            0.008218
                  56,            0.025186,            0.011077,           0.0040684,             0.99396,             0.99968,             0.99442,             0.76231,            0.012393,            0.006015,          0.00031996,            0.008185,            0.008185,            0.008185
                  57,            0.025672,            0.010806,           0.0054449,             0.99205,             0.99752,             0.99404,             0.76335,            0.012485,            0.005734,          0.00067937,            0.008152,            0.008152,            0.008152
                  58,            0.024772,            0.011053,           0.0044523,             0.99498,                   1,              0.9939,             0.76762,            0.011933,           0.0056256,           0.0003417,            0.008119,            0.008119,            0.008119
                  59,            0.024911,            0.010991,           0.0049132,             0.99457,             0.99952,             0.99368,             0.76842,            0.012342,            0.005876,          0.00026654,            0.008086,            0.008086,            0.008086
                  60,            0.025008,            0.010943,           0.0047591,             0.99323,             0.99949,              0.9935,             0.76974,            0.012029,           0.0056149,           0.0004162,            0.008053,            0.008053,            0.008053
                  61,            0.025236,            0.010975,           0.0038594,             0.99482,             0.99973,             0.99265,             0.77386,             0.01212,           0.0058026,          0.00023303,             0.00802,             0.00802,             0.00802
                  62,            0.024935,            0.010847,           0.0044715,             0.99441,              0.9993,             0.99417,             0.77441,            0.011888,           0.0058596,          0.00027259,            0.007987,            0.007987,            0.007987
                  63,            0.024976,            0.010929,             0.00408,             0.99401,             0.99811,             0.99376,             0.76996,            0.012079,           0.0058251,           0.0002331,            0.007954,            0.007954,            0.007954
                  64,            0.024749,            0.010747,           0.0040293,             0.99411,             0.99856,             0.99357,             0.76549,            0.012603,           0.0058505,          0.00030507,            0.007921,            0.007921,            0.007921
                  65,            0.024838,            0.010788,           0.0044217,             0.99489,             0.99931,             0.99435,             0.77947,            0.011893,           0.0055902,           0.0002797,            0.007888,            0.007888,            0.007888
                  66,            0.024575,            0.010656,           0.0045215,             0.99465,                   1,             0.99416,             0.76147,            0.012476,           0.0057905,          0.00021464,            0.007855,            0.007855,            0.007855
                  67,            0.024945,            0.010779,           0.0040749,             0.99485,             0.99911,             0.99391,             0.76314,            0.012155,           0.0056711,          0.00032578,            0.007822,            0.007822,            0.007822
                  68,            0.024902,            0.010824,           0.0040975,             0.99194,             0.99888,             0.99325,             0.76769,            0.012104,           0.0057666,          0.00073556,            0.007789,            0.007789,            0.007789
                  69,            0.024122,            0.010887,           0.0042695,             0.99342,             0.99997,             0.99401,             0.77395,            0.011931,           0.0057531,          0.00026082,            0.007756,            0.007756,            0.007756
                  70,            0.024776,            0.010878,           0.0035738,             0.99277,             0.99858,             0.99406,             0.76738,            0.012459,           0.0057992,           0.0003504,            0.007723,            0.007723,            0.007723
                  71,            0.024525,            0.010772,           0.0040367,             0.99395,             0.99914,             0.99443,             0.77888,            0.012051,           0.0056154,          0.00042651,             0.00769,             0.00769,             0.00769
                  72,            0.024104,            0.010749,           0.0038231,             0.99261,             0.99922,              0.9943,             0.76441,            0.012136,           0.0056488,          0.00026082,            0.007657,            0.007657,            0.007657
                  73,            0.024407,            0.010857,           0.0039198,             0.99497,              0.9995,             0.99397,             0.77513,            0.011679,           0.0056117,          0.00023543,            0.007624,            0.007624,            0.007624
                  74,            0.023606,             0.01078,            0.003566,             0.99493,             0.99966,             0.99397,             0.77841,            0.011752,           0.0056072,          0.00023965,            0.007591,            0.007591,            0.007591
                  75,            0.023978,            0.010484,           0.0037484,             0.99491,             0.99983,             0.99376,             0.78557,            0.011582,           0.0054576,           0.0002272,            0.007558,            0.007558,            0.007558
                  76,            0.024177,            0.010639,           0.0039952,             0.99506,             0.99974,             0.99405,             0.77771,            0.011741,           0.0055727,          0.00029535,            0.007525,            0.007525,            0.007525
                  77,            0.024396,            0.010559,            0.003679,             0.99528,             0.99958,             0.99431,             0.78062,            0.011448,           0.0054849,          0.00021316,            0.007492,            0.007492,            0.007492
                  78,            0.023516,            0.010762,           0.0034723,             0.99464,             0.99971,             0.99392,             0.78466,            0.011296,           0.0054255,          0.00019378,            0.007459,            0.007459,            0.007459
                  79,            0.023693,            0.010633,           0.0036148,             0.99487,             0.99977,             0.99406,             0.78321,            0.011512,            0.005505,          0.00025942,            0.007426,            0.007426,            0.007426
                  80,            0.023823,            0.010423,           0.0037199,             0.99399,              0.9999,             0.99356,             0.77253,            0.011889,           0.0056008,          0.00043272,            0.007393,            0.007393,            0.007393
                  81,            0.023714,            0.010539,           0.0033662,             0.99393,             0.99908,             0.99441,             0.78509,            0.011718,           0.0054377,          0.00025601,             0.00736,             0.00736,             0.00736
                  82,            0.023656,            0.010535,           0.0033625,              0.9949,                   1,             0.99435,              0.7861,            0.011497,           0.0054133,           0.0001946,            0.007327,            0.007327,            0.007327
                  83,            0.023831,            0.010249,           0.0028773,             0.99532,             0.99921,             0.99403,             0.78476,            0.011438,            0.005475,          0.00022387,            0.007294,            0.007294,            0.007294
                  84,            0.023421,            0.010508,           0.0030813,             0.99501,             0.99984,             0.99395,             0.77907,            0.011658,           0.0053866,          0.00022728,            0.007261,            0.007261,            0.007261
                  85,            0.023513,             0.01059,           0.0036286,             0.99487,             0.99882,             0.99383,             0.78648,            0.011542,           0.0055708,          0.00029407,            0.007228,            0.007228,            0.007228
                  86,            0.023668,            0.010358,           0.0037238,             0.99467,                   1,             0.99454,             0.78653,            0.011605,           0.0054639,          0.00020577,            0.007195,            0.007195,            0.007195
                  87,            0.023365,            0.010597,           0.0032531,             0.99419,             0.99953,              0.9942,             0.79092,            0.011187,           0.0054086,          0.00023744,            0.007162,            0.007162,            0.007162
                  88,            0.023277,            0.010362,           0.0038092,             0.99471,             0.99985,              0.9939,             0.78442,            0.011482,           0.0054548,          0.00022156,            0.007129,            0.007129,            0.007129
                  89,             0.02354,            0.010601,           0.0036214,             0.99217,             0.99785,             0.99419,             0.78195,            0.011467,           0.0055034,          0.00031185,            0.007096,            0.007096,            0.007096
                  90,            0.023386,            0.010584,           0.0031419,             0.99475,             0.99986,             0.99389,             0.77965,            0.011375,           0.0055335,          0.00018864,            0.007063,            0.007063,            0.007063
                  91,             0.02321,            0.010571,           0.0032082,               0.995,                   1,             0.99385,             0.79221,            0.011012,           0.0053293,          0.00018818,             0.00703,             0.00703,             0.00703
                  92,            0.022888,            0.010607,           0.0032851,             0.99479,                   1,             0.99404,             0.79052,            0.011082,           0.0053448,          0.00019066,            0.006997,            0.006997,            0.006997
                  93,            0.023015,             0.01034,            0.003031,             0.99515,                   1,             0.99417,             0.79331,            0.011099,           0.0052838,          0.00016143,            0.006964,            0.006964,            0.006964
                  94,            0.022758,            0.010387,            0.003472,             0.99505,                   1,             0.99426,              0.7921,             0.01106,           0.0053098,          0.00019733,            0.006931,            0.006931,            0.006931
                  95,            0.022806,             0.01034,           0.0030536,             0.99431,             0.99893,             0.99402,             0.79443,            0.011047,           0.0053486,          0.00031353,            0.006898,            0.006898,            0.006898
                  96,            0.022792,            0.010407,           0.0026449,             0.99507,                   1,             0.99398,             0.78969,            0.011176,           0.0053844,          0.00020821,            0.006865,            0.006865,            0.006865
                  97,            0.023114,            0.010195,           0.0029432,             0.99508,                   1,             0.99408,             0.79458,            0.011087,           0.0053044,          0.00017769,            0.006832,            0.006832,            0.006832
                  98,             0.02277,            0.010347,           0.0032674,              0.9953,                   1,             0.99417,             0.78718,            0.011592,           0.0055039,          0.00017893,            0.006799,            0.006799,            0.006799
                  99,             0.02255,           0.0099983,           0.0028383,             0.99525,                   1,             0.99436,             0.79289,            0.010944,           0.0053304,          0.00019274,            0.006766,            0.006766,            0.006766
                 100,            0.022388,            0.010254,           0.0028505,             0.99516,                   1,             0.99403,             0.79528,            0.010919,           0.0052726,          0.00017717,            0.006733,            0.006733,            0.006733
                 101,             0.02239,            0.010235,           0.0027067,             0.99505,                   1,             0.99418,             0.79492,            0.010759,           0.0051334,          0.00019019,              0.0067,              0.0067,              0.0067
                 102,            0.022468,            0.010197,           0.0027537,             0.99425,                   1,             0.99413,             0.79304,            0.011111,           0.0053645,          0.00015606,            0.006667,            0.006667,            0.006667
                 103,            0.022601,            0.010199,           0.0032173,             0.99522,                   1,             0.99378,             0.79619,            0.010864,           0.0052293,          0.00017153,            0.006634,            0.006634,            0.006634
                 104,            0.023229,            0.010242,           0.0028634,             0.99434,                   1,              0.9939,             0.79377,             0.01097,           0.0051665,          0.00016477,            0.006601,            0.006601,            0.006601
                 105,            0.022431,            0.010168,           0.0030591,             0.99523,                   1,             0.99387,             0.79754,            0.010749,           0.0051834,          0.00017637,            0.006568,            0.006568,            0.006568
                 106,            0.022419,            0.009993,           0.0026604,             0.99521,                   1,             0.99389,             0.79051,            0.010884,           0.0052047,          0.00022753,            0.006535,            0.006535,            0.006535
                 107,            0.022731,            0.010041,           0.0029235,             0.99472,             0.99986,             0.99401,             0.79053,            0.011061,           0.0053196,          0.00019431,            0.006502,            0.006502,            0.006502
                 108,            0.022368,            0.009902,           0.0028581,              0.9946,             0.99946,             0.99416,             0.79544,            0.010896,           0.0052328,          0.00022696,            0.006469,            0.006469,            0.006469
                 109,            0.022641,            0.010218,           0.0027476,              0.9951,                   1,             0.99401,             0.79741,            0.010595,           0.0051484,          0.00015274,            0.006436,            0.006436,            0.006436
                 110,            0.022592,             0.01024,           0.0031558,             0.99519,                   1,             0.99428,             0.79524,            0.010849,           0.0051657,          0.00017244,            0.006403,            0.006403,            0.006403
                 111,            0.022105,            0.010149,           0.0024524,             0.99494,                   1,             0.99412,             0.79373,            0.010736,           0.0051588,          0.00017369,             0.00637,             0.00637,             0.00637
                 112,            0.022626,            0.010063,           0.0022981,              0.9949,             0.99952,             0.99403,             0.80024,            0.010602,           0.0051121,          0.00018073,            0.006337,            0.006337,            0.006337
                 113,            0.022186,            0.010036,           0.0024209,             0.99507,             0.99982,             0.99411,             0.79896,            0.010641,           0.0051469,          0.00020016,            0.006304,            0.006304,            0.006304
                 114,            0.022307,            0.010186,           0.0028448,             0.99505,             0.99964,             0.99408,             0.78891,            0.011053,           0.0052927,           0.0002048,            0.006271,            0.006271,            0.006271
                 115,            0.022345,            0.010042,           0.0027185,             0.99486,                   1,             0.99418,             0.79155,            0.010824,            0.005235,          0.00017481,            0.006238,            0.006238,            0.006238
                 116,            0.022355,           0.0098754,           0.0037503,             0.99533,             0.99984,             0.99427,             0.79623,            0.011107,             0.00523,          0.00016403,            0.006205,            0.006205,            0.006205
                 117,            0.022576,            0.010157,           0.0028759,             0.99521,                   1,             0.99396,             0.79307,            0.010884,           0.0051866,          0.00014495,            0.006172,            0.006172,            0.006172
                 118,            0.022609,             0.01013,            0.002795,             0.99452,                   1,             0.99403,             0.79844,            0.010681,           0.0052216,          0.00014075,            0.006139,            0.006139,            0.006139
                 119,            0.021915,           0.0099525,           0.0026156,             0.99521,             0.99945,             0.99388,             0.80008,            0.010613,            0.005075,          0.00023181,            0.006106,            0.006106,            0.006106
                 120,            0.021994,            0.010121,           0.0025794,             0.99515,                   1,             0.99431,              0.7955,            0.010844,           0.0052085,          0.00017036,            0.006073,            0.006073,            0.006073
                 121,            0.021608,            0.010089,           0.0026982,             0.99319,             0.99628,             0.99366,             0.78504,            0.011514,           0.0055047,          0.00024769,             0.00604,             0.00604,             0.00604
                 122,            0.021842,            0.010093,           0.0029695,             0.99505,                   1,             0.99406,             0.79595,            0.010789,           0.0051288,          0.00013245,            0.006007,            0.006007,            0.006007
                 123,            0.021752,            0.010252,           0.0031083,              0.9944,             0.99942,             0.99439,             0.79885,            0.010565,           0.0051659,          0.00020965,            0.005974,            0.005974,            0.005974
                 124,            0.022169,            0.010003,           0.0027477,             0.99509,             0.99987,             0.99415,             0.80223,            0.010646,           0.0051176,          0.00018405,            0.005941,            0.005941,            0.005941
                 125,            0.022211,            0.010037,           0.0021621,             0.99532,                   1,             0.99416,             0.80125,            0.010504,            0.005057,          0.00016541,            0.005908,            0.005908,            0.005908
                 126,            0.021793,           0.0098959,           0.0026412,             0.99507,                   1,              0.9939,             0.80876,            0.010341,           0.0050418,          0.00015699,            0.005875,            0.005875,            0.005875
                 127,            0.021977,           0.0099133,            0.002663,             0.99511,             0.99952,             0.99422,             0.80764,             0.01039,           0.0050694,          0.00019872,            0.005842,            0.005842,            0.005842
                 128,            0.021802,           0.0099431,           0.0024091,             0.99523,                   1,             0.99422,             0.80116,            0.010427,           0.0050822,          0.00014986,            0.005809,            0.005809,            0.005809
                 129,            0.022247,           0.0098919,           0.0026128,             0.99506,              0.9996,             0.99403,             0.80296,            0.010635,           0.0050801,          0.00017268,            0.005776,            0.005776,            0.005776
                 130,            0.021869,            0.009771,           0.0026855,             0.99495,             0.99957,             0.99397,             0.80059,            0.010817,           0.0051288,          0.00022038,            0.005743,            0.005743,            0.005743
                 131,             0.02153,           0.0099428,           0.0022524,             0.99452,             0.99975,             0.99409,              0.8023,            0.010443,            0.005064,          0.00017896,             0.00571,             0.00571,             0.00571
                 132,            0.021445,           0.0097085,           0.0023152,             0.99542,             0.99998,             0.99397,             0.80402,            0.010408,           0.0051068,          0.00014898,            0.005677,            0.005677,            0.005677
                 133,             0.02137,           0.0099599,           0.0019677,             0.99513,                   1,              0.9939,             0.80489,            0.010525,           0.0051067,          0.00016547,            0.005644,            0.005644,            0.005644
                 134,            0.021609,           0.0095874,           0.0026188,             0.99537,             0.99988,             0.99387,             0.80585,             0.01043,           0.0051031,          0.00017745,            0.005611,            0.005611,            0.005611
                 135,            0.021272,           0.0098517,           0.0028796,             0.99513,                   1,             0.99368,             0.80194,            0.010419,           0.0051293,          0.00015029,            0.005578,            0.005578,            0.005578
                 136,            0.021646,           0.0096772,           0.0028972,             0.99524,                   1,             0.99387,             0.80341,            0.010512,            0.005107,          0.00011996,            0.005545,            0.005545,            0.005545
                 137,            0.021401,           0.0099001,            0.002038,             0.99518,                   1,             0.99399,             0.80358,             0.01048,           0.0050877,          0.00015267,            0.005512,            0.005512,            0.005512
                 138,            0.021418,           0.0095606,           0.0025554,             0.99521,                   1,             0.99402,             0.80234,            0.010303,           0.0050315,           0.0001309,            0.005479,            0.005479,            0.005479
                 139,            0.020648,           0.0095789,           0.0018359,             0.99461,                   1,             0.99381,              0.8083,            0.010187,           0.0049902,          0.00013858,            0.005446,            0.005446,            0.005446
                 140,            0.021551,             0.00973,           0.0023185,             0.99499,                   1,             0.99407,             0.81092,            0.010239,           0.0050083,          0.00015792,            0.005413,            0.005413,            0.005413
                 141,            0.021241,            0.009658,           0.0029493,             0.99498,             0.99964,             0.99408,             0.80602,             0.01032,           0.0050972,          0.00014508,             0.00538,             0.00538,             0.00538
                 142,            0.021542,           0.0097237,           0.0025738,              0.9952,                   1,             0.99411,             0.80758,            0.010312,           0.0050636,          0.00011761,            0.005347,            0.005347,            0.005347
                 143,            0.021519,            0.009763,           0.0022967,             0.99522,                   1,             0.99407,              0.8092,            0.010262,           0.0050345,          0.00012046,            0.005314,            0.005314,            0.005314
                 144,            0.021444,            0.009674,            0.002404,             0.99508,                   1,             0.99401,             0.80323,            0.010529,           0.0050816,          0.00014148,            0.005281,            0.005281,            0.005281
                 145,            0.021364,           0.0099346,           0.0025717,             0.99528,                   1,             0.99409,             0.80913,            0.010215,           0.0050496,          0.00015988,            0.005248,            0.005248,            0.005248
                 146,            0.021195,           0.0096714,           0.0028498,              0.9953,                   1,             0.99394,             0.80917,            0.010309,            0.005053,          0.00014658,            0.005215,            0.005215,            0.005215
                 147,            0.021213,           0.0096565,           0.0020623,             0.99517,             0.99992,             0.99409,             0.80891,            0.010173,           0.0049806,          0.00011343,            0.005182,            0.005182,            0.005182
                 148,            0.021306,           0.0098224,           0.0022855,             0.99523,                   1,             0.99399,             0.81258,              0.0101,           0.0049854,           0.0001278,            0.005149,            0.005149,            0.005149
                 149,            0.021062,           0.0096665,           0.0022202,             0.99518,                   1,             0.99393,             0.81267,            0.010027,           0.0049559,           0.0001338,            0.005116,            0.005116,            0.005116
                 150,            0.021158,           0.0094776,           0.0021832,             0.99512,                   1,             0.99404,             0.81432,            0.010065,           0.0049608,          0.00018901,            0.005083,            0.005083,            0.005083
                 151,            0.020775,           0.0093456,           0.0019787,             0.99532,                   1,             0.99418,             0.81599,            0.010074,           0.0049686,          0.00012173,             0.00505,             0.00505,             0.00505
                 152,            0.021198,           0.0094545,           0.0020931,             0.99507,                   1,             0.99403,              0.8112,            0.010046,            0.004996,          0.00012406,            0.005017,            0.005017,            0.005017
                 153,            0.020919,           0.0095053,            0.002075,             0.99515,                   1,             0.99379,             0.81323,            0.010052,            0.004967,          0.00014414,            0.004984,            0.004984,            0.004984
                 154,            0.021383,           0.0096904,           0.0024174,             0.99522,                   1,             0.99385,             0.81536,            0.010057,           0.0049559,          0.00012719,            0.004951,            0.004951,            0.004951
                 155,            0.020577,           0.0099147,           0.0018793,             0.99522,                   1,             0.99386,             0.81465,            0.010173,           0.0049497,          0.00014154,            0.004918,            0.004918,            0.004918
                 156,             0.02083,           0.0096713,           0.0023892,             0.99529,                   1,             0.99392,             0.80781,            0.010308,           0.0050161,          0.00011539,            0.004885,            0.004885,            0.004885
                 157,            0.020844,           0.0098737,           0.0025277,             0.99508,             0.99987,              0.9939,             0.81496,            0.010038,           0.0049497,          0.00012073,            0.004852,            0.004852,            0.004852
                 158,            0.020848,           0.0097043,           0.0020845,             0.99528,                   1,             0.99398,             0.81387,            0.010101,           0.0049258,          0.00012778,            0.004819,            0.004819,            0.004819
                 159,            0.021357,           0.0095403,           0.0021159,             0.99528,                   1,             0.99387,             0.81448,           0.0099739,           0.0049138,          0.00012221,            0.004786,            0.004786,            0.004786
                 160,            0.021056,           0.0095153,           0.0019992,             0.99521,                   1,             0.99381,             0.81118,            0.010115,           0.0049776,          0.00012349,            0.004753,            0.004753,            0.004753
                 161,            0.020757,           0.0097542,           0.0023057,             0.99511,                   1,             0.99378,             0.80905,             0.01004,           0.0049315,          0.00012485,             0.00472,             0.00472,             0.00472
                 162,            0.020698,           0.0096217,           0.0018287,             0.99504,                   1,             0.99398,             0.81017,             0.01015,           0.0049628,          0.00011116,            0.004687,            0.004687,            0.004687
                 163,            0.020494,           0.0096659,           0.0020411,             0.99523,                   1,             0.99399,             0.81586,             0.01005,           0.0048963,          0.00012192,            0.004654,            0.004654,            0.004654
                 164,            0.020395,            0.009306,           0.0018801,             0.99535,              0.9999,             0.99393,             0.81555,            0.010028,            0.004926,          0.00010447,            0.004621,            0.004621,            0.004621
                 165,             0.02034,           0.0095624,           0.0027876,             0.99532,                   1,             0.99373,             0.81434,           0.0098999,           0.0049155,          0.00010503,            0.004588,            0.004588,            0.004588
                 166,            0.020425,           0.0092547,           0.0020804,             0.99532,                   1,             0.99406,             0.81514,           0.0099655,           0.0048993,           0.0001116,            0.004555,            0.004555,            0.004555
                 167,            0.020695,           0.0096534,           0.0020319,             0.99536,                   1,             0.99393,             0.81396,           0.0099548,           0.0048961,          0.00010776,            0.004522,            0.004522,            0.004522
                 168,            0.020754,           0.0094709,           0.0021888,             0.99532,                   1,             0.99389,             0.81133,            0.009973,           0.0048968,          0.00011246,            0.004489,            0.004489,            0.004489
                 169,            0.020684,            0.009589,            0.002315,             0.99528,             0.99988,             0.99383,             0.81187,            0.010031,           0.0049243,          0.00010782,            0.004456,            0.004456,            0.004456
                 170,            0.020811,           0.0096303,           0.0022724,             0.99479,                   1,              0.9939,             0.81682,           0.0099154,           0.0049351,          0.00011246,            0.004423,            0.004423,            0.004423
                 171,            0.020784,            0.009455,           0.0020416,             0.99467,                   1,             0.99383,             0.81869,           0.0098326,           0.0048879,          9.9706e-05,             0.00439,             0.00439,             0.00439
                 172,            0.020354,           0.0095441,            0.002141,             0.99505,                   1,             0.99374,             0.81218,           0.0099705,            0.004879,          0.00012194,            0.004357,            0.004357,            0.004357
                 173,            0.020459,           0.0093887,           0.0019862,              0.9951,                   1,             0.99372,             0.81536,           0.0098062,           0.0048709,           0.0001131,            0.004324,            0.004324,            0.004324
                 174,            0.020525,           0.0092966,            0.001356,             0.99526,                   1,             0.99386,             0.81965,           0.0097559,           0.0048713,           0.0001093,            0.004291,            0.004291,            0.004291
                 175,             0.02049,           0.0093006,           0.0016587,             0.99492,                   1,             0.99412,             0.81679,           0.0098701,           0.0048924,            9.91e-05,            0.004258,            0.004258,            0.004258
                 176,            0.020204,           0.0096125,           0.0016874,             0.99498,                   1,             0.99398,             0.81688,           0.0097696,           0.0048776,           0.0001063,            0.004225,            0.004225,            0.004225
                 177,            0.019686,            0.009427,           0.0018005,              0.9953,                   1,             0.99409,             0.81746,           0.0097078,           0.0048537,          0.00011394,            0.004192,            0.004192,            0.004192
                 178,            0.020189,           0.0091816,           0.0018873,             0.99514,                   1,             0.99412,             0.82076,           0.0097357,            0.004865,          0.00010713,            0.004159,            0.004159,            0.004159
                 179,            0.020533,           0.0096017,           0.0021486,             0.99524,                   1,             0.99408,             0.81904,           0.0098294,           0.0048792,          0.00010253,            0.004126,            0.004126,            0.004126
                 180,            0.020126,           0.0095153,           0.0016502,             0.99513,                   1,             0.99409,             0.81877,           0.0098082,            0.004868,          0.00011116,            0.004093,            0.004093,            0.004093
                 181,            0.020348,           0.0094567,           0.0017339,             0.99517,                   1,             0.99408,              0.8191,           0.0096739,           0.0048043,          0.00011067,             0.00406,             0.00406,             0.00406
                 182,            0.019801,           0.0095882,           0.0018916,             0.99525,                   1,             0.99418,             0.81789,           0.0097187,           0.0048227,          9.1359e-05,            0.004027,            0.004027,            0.004027
                 183,             0.01976,           0.0093026,            0.001757,             0.99519,             0.99998,             0.99433,             0.81698,           0.0098137,           0.0048294,          9.2869e-05,            0.003994,            0.003994,            0.003994
                 184,            0.019702,            0.009126,           0.0014964,             0.99527,             0.99978,             0.99408,              0.8204,           0.0096617,           0.0048166,          9.7234e-05,            0.003961,            0.003961,            0.003961
                 185,             0.01987,           0.0094588,           0.0014308,             0.99524,                   1,             0.99416,             0.82052,           0.0097002,           0.0048004,          9.0263e-05,            0.003928,            0.003928,            0.003928
                 186,            0.020205,           0.0095431,           0.0017667,             0.99525,                   1,             0.99416,              0.8194,           0.0097047,           0.0047969,          8.6704e-05,            0.003895,            0.003895,            0.003895
                 187,            0.019508,            0.009336,           0.0017206,             0.99504,                   1,             0.99417,             0.82027,           0.0096438,           0.0047822,          9.2421e-05,            0.003862,            0.003862,            0.003862
                 188,            0.019924,            0.009234,           0.0015332,             0.99525,                   1,             0.99421,             0.82125,           0.0096741,           0.0048063,           8.777e-05,            0.003829,            0.003829,            0.003829
                 189,            0.019779,           0.0094108,           0.0018086,             0.99532,                   1,             0.99422,             0.82015,           0.0096088,           0.0048032,          9.4655e-05,            0.003796,            0.003796,            0.003796
                 190,            0.019669,           0.0091866,           0.0018652,             0.99535,             0.99997,             0.99413,             0.82365,           0.0096333,           0.0047853,          9.3651e-05,            0.003763,            0.003763,            0.003763
                 191,            0.019908,             0.00945,           0.0016116,             0.99521,                   1,             0.99419,               0.825,           0.0095707,           0.0047627,          9.5691e-05,             0.00373,             0.00373,             0.00373
                 192,              0.0197,           0.0092796,            0.001267,             0.99525,                   1,             0.99416,             0.82299,           0.0095861,            0.004758,          9.4787e-05,            0.003697,            0.003697,            0.003697
                 193,            0.020051,           0.0092107,            0.001592,             0.99508,                   1,             0.99403,             0.82235,           0.0095534,           0.0047686,           9.994e-05,            0.003664,            0.003664,            0.003664
                 194,             0.01977,           0.0091964,           0.0015533,             0.99517,                   1,             0.99409,             0.82302,           0.0095842,           0.0047604,          0.00010431,            0.003631,            0.003631,            0.003631
                 195,            0.019996,           0.0093583,           0.0015002,             0.99513,                   1,             0.99413,             0.82365,           0.0096533,           0.0047866,          0.00010106,            0.003598,            0.003598,            0.003598
                 196,            0.019982,           0.0092843,           0.0016249,             0.99519,                   1,              0.9941,             0.82481,           0.0096331,           0.0047701,          0.00010082,            0.003565,            0.003565,            0.003565
                 197,            0.019505,           0.0092684,           0.0015901,             0.99534,                   1,             0.99418,             0.82403,           0.0095242,           0.0047891,          9.9637e-05,            0.003532,            0.003532,            0.003532
                 198,            0.019995,           0.0091879,           0.0014277,             0.99526,                   1,             0.99418,             0.82301,           0.0095698,           0.0048086,          0.00010678,            0.003499,            0.003499,            0.003499
                 199,            0.019716,           0.0095084,           0.0020283,             0.99534,                   1,             0.99408,              0.8245,           0.0094838,           0.0047838,          9.7408e-05,            0.003466,            0.003466,            0.003466
                 200,            0.019588,            0.009102,           0.0017231,             0.99532,                   1,             0.99408,             0.82334,           0.0095312,           0.0047866,          0.00010758,            0.003433,            0.003433,            0.003433
                 201,             0.01978,           0.0094471,           0.0015296,             0.99521,                   1,             0.99401,             0.82461,           0.0094839,           0.0047694,          9.6206e-05,              0.0034,              0.0034,              0.0034
                 202,            0.019443,           0.0093907,           0.0014929,             0.99532,                   1,             0.99401,             0.82516,           0.0095274,            0.004747,          9.5866e-05,            0.003367,            0.003367,            0.003367
                 203,            0.019399,           0.0092527,           0.0014477,             0.99539,                   1,             0.99383,             0.82469,           0.0094654,           0.0047348,           8.961e-05,            0.003334,            0.003334,            0.003334
                 204,            0.019508,           0.0089367,           0.0016975,             0.99521,                   1,              0.9939,             0.82373,            0.009483,           0.0047368,           9.109e-05,            0.003301,            0.003301,            0.003301
                 205,            0.019316,           0.0090806,           0.0016924,             0.99519,                   1,             0.99397,             0.82482,            0.009446,           0.0047211,          9.1338e-05,            0.003268,            0.003268,            0.003268
                 206,             0.01969,           0.0094488,           0.0016623,             0.99536,                   1,             0.99399,             0.82653,           0.0094404,           0.0047246,           7.886e-05,            0.003235,            0.003235,            0.003235
                 207,            0.019487,           0.0091335,           0.0014121,             0.99525,                   1,               0.994,             0.82654,           0.0094339,           0.0047354,          8.5434e-05,            0.003202,            0.003202,            0.003202
                 208,            0.019274,           0.0089716,           0.0013278,             0.99519,                   1,             0.99399,             0.82634,           0.0094559,           0.0047458,          8.6642e-05,            0.003169,            0.003169,            0.003169
                 209,            0.020599,           0.0096614,           0.0024963,             0.99497,                   1,             0.99405,             0.82198,           0.0095552,           0.0048376,          8.5041e-05,            0.003136,            0.003136,            0.003136
                 210,             0.02007,           0.0094443,           0.0023153,             0.99524,                   1,             0.99401,             0.82432,           0.0095438,           0.0048027,          8.1403e-05,            0.003103,            0.003103,            0.003103
                 211,            0.019857,            0.009428,           0.0018959,              0.9952,                   1,             0.99407,             0.82629,           0.0095041,           0.0047636,          7.5673e-05,             0.00307,             0.00307,             0.00307
                 212,            0.019987,           0.0093159,           0.0016771,             0.99531,                   1,             0.99401,              0.8246,           0.0095439,           0.0047714,           7.815e-05,            0.003037,            0.003037,            0.003037
                 213,            0.019782,           0.0093645,           0.0014651,             0.99531,                   1,             0.99394,             0.82335,            0.009559,           0.0047885,            7.44e-05,            0.003004,            0.003004,            0.003004
                 214,            0.019098,           0.0091379,           0.0010685,             0.99525,                   1,             0.99393,             0.82444,           0.0094968,           0.0047644,          7.2087e-05,            0.002971,            0.002971,            0.002971
                 215,            0.019604,           0.0092334,           0.0013548,             0.99526,                   1,             0.99406,             0.82464,           0.0094991,           0.0047513,          7.3727e-05,            0.002938,            0.002938,            0.002938
                 216,            0.019312,           0.0090003,           0.0013628,             0.99521,                   1,             0.99395,             0.82421,           0.0094936,           0.0047431,          7.4954e-05,            0.002905,            0.002905,            0.002905
                 217,            0.019421,           0.0092024,             0.00138,             0.99518,              0.9998,             0.99404,             0.82512,           0.0094791,           0.0047503,          8.3018e-05,            0.002872,            0.002872,            0.002872
                 218,            0.019046,           0.0091041,           0.0014948,             0.99519,             0.99981,             0.99399,             0.82564,            0.009447,           0.0047444,          8.8489e-05,            0.002839,            0.002839,            0.002839
                 219,            0.019115,           0.0092939,           0.0013585,             0.99537,             0.99965,             0.99402,             0.82746,           0.0094062,           0.0047336,          7.5894e-05,            0.002806,            0.002806,            0.002806
                 220,            0.019075,           0.0091005,            0.001239,             0.99531,              0.9996,             0.99388,             0.82749,           0.0094002,           0.0047245,          7.2598e-05,            0.002773,            0.002773,            0.002773
                 221,            0.019266,           0.0090451,            0.001435,              0.9953,             0.99959,             0.99393,             0.82565,           0.0094156,           0.0047312,           7.161e-05,             0.00274,             0.00274,             0.00274
                 222,            0.019259,           0.0092058,           0.0013854,             0.99537,             0.99974,             0.99391,             0.82755,           0.0093571,           0.0047054,          7.0156e-05,            0.002707,            0.002707,            0.002707
                 223,            0.019411,            0.009265,           0.0021941,             0.99528,                   1,             0.99382,             0.82711,            0.009371,           0.0047141,          7.3594e-05,            0.002674,            0.002674,            0.002674
                 224,            0.019138,            0.009168,           0.0012965,              0.9952,                   1,             0.99389,             0.82685,            0.009392,           0.0047306,          7.9165e-05,            0.002641,            0.002641,            0.002641
                 225,            0.018906,           0.0093446,           0.0014833,             0.99518,                   1,              0.9939,             0.82792,           0.0093449,           0.0047199,          7.2638e-05,            0.002608,            0.002608,            0.002608
                 226,            0.018916,           0.0093642,           0.0014361,             0.99521,                   1,             0.99394,             0.82732,           0.0093399,           0.0047142,          7.1985e-05,            0.002575,            0.002575,            0.002575
                 227,             0.01926,            0.009172,           0.0014007,             0.99521,                   1,             0.99395,              0.8272,           0.0093707,           0.0047217,          7.0865e-05,            0.002542,            0.002542,            0.002542
                 228,            0.018849,           0.0093771,           0.0015264,              0.9952,             0.99994,             0.99393,             0.82687,           0.0093389,           0.0047125,          6.8775e-05,            0.002509,            0.002509,            0.002509
                 229,            0.018738,           0.0090166,           0.0010041,             0.99537,                   1,             0.99387,             0.82918,            0.009301,           0.0046887,          7.0038e-05,            0.002476,            0.002476,            0.002476
                 230,            0.019002,           0.0089495,           0.0012598,              0.9954,                   1,              0.9939,             0.82912,           0.0092878,           0.0046859,          7.1316e-05,            0.002443,            0.002443,            0.002443
                 231,            0.018959,           0.0089255,           0.0014588,             0.99534,                   1,             0.99391,             0.82984,           0.0092698,           0.0046834,          7.1633e-05,             0.00241,             0.00241,             0.00241
                 232,            0.019271,           0.0093379,           0.0017053,             0.99534,                   1,             0.99394,             0.82931,           0.0092554,           0.0046907,          6.7094e-05,            0.002377,            0.002377,            0.002377
                 233,            0.019386,            0.009049,           0.0012222,             0.99529,                   1,             0.99393,             0.83064,           0.0093017,           0.0046905,          6.9592e-05,            0.002344,            0.002344,            0.002344
                 234,            0.018893,           0.0091481,           0.0014826,             0.99531,                   1,             0.99393,             0.82984,            0.009333,           0.0046784,          7.0008e-05,            0.002311,            0.002311,            0.002311
                 235,            0.018823,           0.0089932,            0.001273,             0.99527,                   1,             0.99392,             0.82878,           0.0092977,           0.0046777,          6.7431e-05,            0.002278,            0.002278,            0.002278
                 236,            0.018717,           0.0088957,           0.0010909,             0.99527,                   1,             0.99389,             0.83063,           0.0092574,            0.004681,          6.5901e-05,            0.002245,            0.002245,            0.002245
                 237,            0.018946,           0.0090304,           0.0010434,             0.99532,                   1,             0.99385,             0.83048,           0.0092322,           0.0046719,           6.475e-05,            0.002212,            0.002212,            0.002212
                 238,            0.018764,           0.0090879,          0.00090987,             0.99531,                   1,             0.99389,             0.83168,           0.0092135,            0.004668,          6.1856e-05,            0.002179,            0.002179,            0.002179
                 239,            0.018904,           0.0088521,           0.0011539,              0.9952,                   1,              0.9939,             0.83225,            0.009218,           0.0046574,          6.1217e-05,            0.002146,            0.002146,            0.002146
                 240,            0.018697,           0.0089306,           0.0010078,             0.99524,                   1,              0.9939,             0.82927,           0.0092445,           0.0046528,          6.1511e-05,            0.002113,            0.002113,            0.002113
                 241,             0.01911,           0.0092494,           0.0012556,             0.99531,                   1,             0.99395,             0.83137,           0.0092304,           0.0046563,          6.3409e-05,             0.00208,             0.00208,             0.00208
                 242,            0.018476,           0.0088861,           0.0012411,             0.99534,                   1,              0.9939,             0.83151,           0.0092552,           0.0046691,          6.2898e-05,            0.002047,            0.002047,            0.002047
                 243,            0.018457,           0.0091001,           0.0011128,             0.99532,                   1,              0.9939,             0.83139,           0.0092289,           0.0046606,          6.4731e-05,            0.002014,            0.002014,            0.002014
                 244,             0.01816,           0.0089752,          0.00093828,             0.99524,                   1,             0.99394,              0.8309,           0.0092634,           0.0046675,          6.5388e-05,            0.001981,            0.001981,            0.001981
                 245,            0.018662,           0.0090036,           0.0010264,             0.99508,                   1,             0.99389,             0.83082,           0.0092404,           0.0046596,          6.2808e-05,            0.001948,            0.001948,            0.001948
                 246,            0.018273,           0.0089159,           0.0010093,             0.99503,                   1,             0.99393,             0.83254,           0.0092235,           0.0046558,          6.0991e-05,            0.001915,            0.001915,            0.001915
                 247,            0.018722,           0.0089202,           0.0011423,             0.99514,                   1,             0.99396,             0.83232,           0.0092043,           0.0046511,          6.3144e-05,            0.001882,            0.001882,            0.001882
                 248,            0.018727,           0.0089865,           0.0010745,              0.9953,                   1,             0.99397,             0.83265,           0.0092148,           0.0046459,          6.2839e-05,            0.001849,            0.001849,            0.001849
                 249,            0.018495,           0.0091539,           0.0011999,             0.99526,                   1,               0.994,             0.83436,           0.0091937,           0.0046366,          6.5213e-05,            0.001816,            0.001816,            0.001816
                 250,            0.018534,           0.0088165,          0.00087147,             0.99531,                   1,             0.99396,             0.83444,           0.0091746,           0.0046298,          6.4691e-05,            0.001783,            0.001783,            0.001783
                 251,            0.018621,            0.008863,          0.00096684,             0.99533,                   1,             0.99396,             0.83387,            0.009172,            0.004623,           6.632e-05,             0.00175,             0.00175,             0.00175
                 252,              0.0184,           0.0089488,           0.0012512,             0.99529,                   1,             0.99397,             0.83283,            0.009183,           0.0046292,           6.497e-05,            0.001717,            0.001717,            0.001717
                 253,            0.018297,           0.0088286,          0.00099329,              0.9952,                   1,             0.99397,             0.83293,           0.0091774,           0.0046314,          6.3311e-05,            0.001684,            0.001684,            0.001684
                 254,            0.018126,           0.0089183,          0.00094543,             0.99515,                   1,             0.99399,             0.83385,           0.0091636,           0.0046322,          6.0685e-05,            0.001651,            0.001651,            0.001651
                 255,            0.018702,           0.0090261,           0.0011131,             0.99512,                   1,             0.99399,             0.83407,           0.0091646,           0.0046356,          6.0568e-05,            0.001618,            0.001618,            0.001618
                 256,             0.01828,           0.0087616,           0.0012206,             0.99518,                   1,             0.99399,             0.83407,           0.0091526,           0.0046355,          6.0931e-05,            0.001585,            0.001585,            0.001585
                 257,            0.018024,           0.0088129,           0.0010363,              0.9952,                   1,             0.99394,              0.8351,           0.0091569,            0.004639,          6.1901e-05,            0.001552,            0.001552,            0.001552
                 258,            0.018396,           0.0088042,           0.0010037,             0.99523,                   1,             0.99394,             0.83596,           0.0091499,           0.0046327,          6.3485e-05,            0.001519,            0.001519,            0.001519
                 259,            0.018383,           0.0090758,           0.0013464,             0.99521,                   1,             0.99396,             0.83433,           0.0091461,           0.0046372,           6.409e-05,            0.001486,            0.001486,            0.001486
                 260,            0.018126,           0.0088991,           0.0010088,             0.99522,                   1,             0.99398,             0.83481,           0.0091409,           0.0046297,          6.3532e-05,            0.001453,            0.001453,            0.001453
                 261,            0.018305,           0.0089532,           0.0010531,             0.99511,                   1,             0.99396,             0.83556,           0.0091293,           0.0046255,          6.0671e-05,             0.00142,             0.00142,             0.00142
                 262,            0.018235,           0.0087581,           0.0010432,             0.99511,                   1,             0.99391,             0.83604,           0.0091248,           0.0046297,          5.7998e-05,            0.001387,            0.001387,            0.001387
                 263,            0.018053,           0.0088544,           0.0010275,             0.99511,                   1,              0.9939,             0.83627,           0.0091354,           0.0046282,          5.6691e-05,            0.001354,            0.001354,            0.001354
                 264,             0.01852,           0.0088373,           0.0013815,             0.99509,                   1,             0.99386,             0.83609,           0.0091503,           0.0046334,          5.4488e-05,            0.001321,            0.001321,            0.001321
                 265,            0.018378,           0.0090842,           0.0012333,              0.9951,                   1,              0.9939,             0.83616,           0.0091413,           0.0046325,          5.4365e-05,            0.001288,            0.001288,            0.001288
                 266,            0.018015,           0.0086319,           0.0012422,             0.99525,                   1,             0.99395,             0.83601,           0.0091236,           0.0046158,          5.3985e-05,            0.001255,            0.001255,            0.001255
                 267,            0.017924,           0.0087549,           0.0009203,             0.99525,                   1,             0.99393,             0.83732,           0.0090988,           0.0046123,          5.2725e-05,            0.001222,            0.001222,            0.001222
                 268,            0.018226,           0.0088516,          0.00097119,              0.9953,                   1,             0.99395,             0.83657,           0.0090802,           0.0046113,          5.1137e-05,            0.001189,            0.001189,            0.001189
                 269,            0.017674,           0.0087262,          0.00096203,             0.99529,                   1,             0.99393,             0.83681,           0.0090663,           0.0046076,          5.1037e-05,            0.001156,            0.001156,            0.001156
                 270,            0.017604,           0.0087104,           0.0006312,             0.99529,                   1,             0.99392,             0.83735,           0.0090527,           0.0045978,          5.0515e-05,            0.001123,            0.001123,            0.001123
                 271,            0.018305,           0.0086682,          0.00097809,             0.99523,                   1,             0.99392,             0.83745,           0.0090392,           0.0045959,          4.9895e-05,             0.00109,             0.00109,             0.00109
                 272,            0.018036,           0.0090399,          0.00096768,             0.99521,                   1,             0.99395,             0.83656,           0.0090407,           0.0045938,          4.9876e-05,            0.001057,            0.001057,            0.001057
                 273,            0.018067,            0.008682,          0.00078009,             0.99524,                   1,             0.99394,             0.83661,            0.009044,           0.0045956,          4.8988e-05,            0.001024,            0.001024,            0.001024
                 274,            0.018111,           0.0088123,           0.0011959,             0.99524,                   1,             0.99392,             0.83739,            0.009044,           0.0045964,           4.814e-05,            0.000991,            0.000991,            0.000991
                 275,            0.017808,           0.0085703,          0.00080644,             0.99526,                   1,             0.99393,             0.83704,           0.0090467,           0.0046003,          4.8598e-05,            0.000958,            0.000958,            0.000958
                 276,            0.017825,           0.0087009,           0.0012743,             0.99522,                   1,             0.99393,             0.83827,           0.0090385,           0.0045952,          4.9195e-05,            0.000925,            0.000925,            0.000925
                 277,              0.0183,           0.0089181,           0.0016065,             0.99522,                   1,             0.99393,             0.83904,           0.0090137,           0.0045858,          5.0476e-05,            0.000892,            0.000892,            0.000892
                 278,            0.017916,           0.0087631,           0.0011004,              0.9952,                   1,             0.99389,             0.83892,           0.0090066,           0.0045861,          5.3164e-05,            0.000859,            0.000859,            0.000859
                 279,             0.01784,           0.0086974,           0.0014173,             0.99524,                   1,              0.9939,             0.83943,           0.0090111,           0.0045836,          5.3376e-05,            0.000826,            0.000826,            0.000826
                 280,            0.018178,           0.0087899,          0.00090719,             0.99523,                   1,             0.99389,             0.83928,           0.0090052,           0.0045814,          5.1771e-05,            0.000793,            0.000793,            0.000793
                 281,            0.017543,           0.0087784,           0.0011687,             0.99523,                   1,             0.99386,             0.83895,           0.0089996,           0.0045801,          4.9387e-05,             0.00076,             0.00076,             0.00076
                 282,            0.017777,           0.0086331,          0.00090661,             0.99522,                   1,             0.99388,             0.83937,           0.0089969,           0.0045818,          4.8898e-05,            0.000727,            0.000727,            0.000727
                 283,             0.01768,           0.0086959,            0.000811,             0.99522,                   1,             0.99387,             0.83988,           0.0089884,           0.0045811,          4.9476e-05,            0.000694,            0.000694,            0.000694
                 284,            0.017419,           0.0086824,          0.00084289,             0.99517,                   1,             0.99386,             0.84034,           0.0089969,           0.0045845,          4.9772e-05,            0.000661,            0.000661,            0.000661
                 285,             0.01793,           0.0088887,          0.00090261,             0.99521,                   1,             0.99391,             0.84006,           0.0090023,            0.004583,          4.9322e-05,            0.000628,            0.000628,            0.000628
                 286,            0.017216,           0.0085462,          0.00079141,             0.99522,                   1,             0.99389,             0.84041,           0.0090018,           0.0045807,          4.9131e-05,            0.000595,            0.000595,            0.000595
                 287,            0.017698,            0.008771,          0.00089875,             0.99522,                   1,              0.9939,             0.84128,           0.0089837,           0.0045741,          4.8342e-05,            0.000562,            0.000562,            0.000562
                 288,            0.017526,           0.0086946,          0.00070193,              0.9952,                   1,             0.99389,             0.84195,           0.0089765,           0.0045706,          4.8121e-05,            0.000529,            0.000529,            0.000529
                 289,            0.017453,           0.0087218,          0.00085353,             0.99523,                   1,             0.99388,             0.84163,            0.008975,           0.0045683,          4.7234e-05,            0.000496,            0.000496,            0.000496
                 290,             0.01738,            0.008508,          0.00074767,             0.99522,                   1,             0.99388,             0.84243,           0.0089758,           0.0045671,          4.6552e-05,            0.000463,            0.000463,            0.000463
                 291,            0.017506,           0.0085744,          0.00073205,             0.99522,                   1,             0.99386,             0.84255,           0.0089804,           0.0045683,          4.6156e-05,             0.00043,             0.00043,             0.00043
                 292,            0.017483,           0.0087758,          0.00090241,             0.99523,                   1,             0.99385,             0.84284,           0.0089679,           0.0045656,          4.5967e-05,            0.000397,            0.000397,            0.000397
                 293,            0.016995,           0.0085812,            0.001032,             0.99524,                   1,             0.99386,             0.84381,           0.0089573,           0.0045653,          4.5631e-05,            0.000364,            0.000364,            0.000364
                 294,            0.017541,           0.0086979,          0.00075446,             0.99524,                   1,             0.99388,             0.84334,           0.0089539,           0.0045653,          4.4916e-05,            0.000331,            0.000331,            0.000331
                 295,            0.017632,           0.0086029,          0.00077683,             0.99523,                   1,             0.99388,             0.84361,           0.0089506,           0.0045663,          4.4558e-05,            0.000298,            0.000298,            0.000298
                 296,            0.017319,           0.0086416,          0.00098378,             0.99523,                   1,             0.99388,             0.84447,           0.0089455,           0.0045662,          4.4323e-05,            0.000265,            0.000265,            0.000265
                 297,            0.017079,           0.0087291,          0.00084223,             0.99524,                   1,             0.99388,             0.84356,           0.0089436,           0.0045649,           4.389e-05,            0.000232,            0.000232,            0.000232
                 298,             0.01739,           0.0085713,           0.0006459,             0.99524,                   1,             0.99389,             0.84385,           0.0089427,           0.0045646,          4.3005e-05,            0.000199,            0.000199,            0.000199
                 299,            0.017126,           0.0084344,           0.0010079,             0.99525,                   1,             0.99391,             0.84494,           0.0089426,           0.0045648,          4.2245e-05,            0.000166,            0.000166,            0.000166
